User Input,Expected AI Response
I'm struggling to focus on my studies.,"I understand! Let's try the Pomodoro technique: 25 minutes of focus, then a 5-minute break."
Can you help me set a study schedule?,Of course! What subjects are you focusing on? I can create a weekly plan for you.
I keep procrastinating. Any advice?,Try setting smaller goals. Just start with 5 minutes of work. Momentum will follow!
Give me a motivational quote.,Sure! 'The secret of getting ahead is getting started.' – Mark Twain.
I need help understanding Newton’s laws.,Absolutely! Newton’s First Law states that an object in motion stays in motion unless acted upon by an external force.
Can you test me on world history?,Sure! Who was the first President of the United States?
I just completed my daily workout!,Great job! Keep the momentum going. What's your next fitness goal?
How do I build a morning routine?,"Start with a few key habits: Wake up at the same time, hydrate, exercise, and plan your day."
Remind me to study at 6 PM.,Got it! I’ll remind you to study at 6 PM every day.
How do I stay motivated for the long term?,"Focus on your 'why.' Keep a journal tracking your progress, and celebrate small wins."
I'm struggling to focus on my studies.,"I understand! Let's try the Pomodoro technique: 25 minutes of focus, then a 5-minute break."
Can you help me set a study schedule?,Of course! What subjects are you focusing on? I can create a weekly plan for you.
I keep procrastinating. Any advice?,Try setting smaller goals. Just start with 5 minutes of work. Momentum will follow!
Give me a motivational quote.,Sure! 'The secret of getting ahead is getting started.' – Mark Twain.
I need help understanding Newton’s laws.,Absolutely! Newton’s First Law states that an object in motion stays in motion unless acted upon by an external force.
Can you test me on world history?,Sure! Who was the first President of the United States?
I just completed my daily workout!,Great job! Keep the momentum going. What's your next fitness goal?
How do I build a morning routine?,"Start with a few key habits: Wake up at the same time, hydrate, exercise, and plan your day."
Remind me to study at 6 PM.,Got it! I’ll remind you to study at 6 PM every day.
How do I stay motivated for the long term?,"Focus on your 'why.' Keep a journal tracking your progress, and celebrate small wins."
I'm struggling to focus on my studies.,"I understand! Let's try the Pomodoro technique: 25 minutes of focus, then a 5-minute break."
Can you help me set a study schedule?,Of course! What subjects are you focusing on? I can create a weekly plan for you.
I keep procrastinating. Any advice?,Try setting smaller goals. Just start with 5 minutes of work. Momentum will follow!
Give me a motivational quote.,Sure! 'The secret of getting ahead is getting started.' – Mark Twain.
I need help understanding Newton’s laws.,Absolutely! Newton’s First Law states that an object in motion stays in motion unless acted upon by an external force.
Can you test me on world history?,Sure! Who was the first President of the United States?
I just completed my daily workout!,Great job! Keep the momentum going. What's your next fitness goal?
How do I build a morning routine?,"Start with a few key habits: Wake up at the same time, hydrate, exercise, and plan your day."
Remind me to study at 6 PM.,Got it! I’ll remind you to study at 6 PM every day.
How do I stay motivated for the long term?,"Focus on your 'why.' Keep a journal tracking your progress, and celebrate small wins."
I'm struggling to focus on my studies.,"I understand! Let's try the Pomodoro technique: 25 minutes of focus, then a 5-minute break."
Can you help me set a study schedule?,Of course! What subjects are you focusing on? I can create a weekly plan for you.
I keep procrastinating. Any advice?,Try setting smaller goals. Just start with 5 minutes of work. Momentum will follow!
Give me a motivational quote.,Sure! 'The secret of getting ahead is getting started.' – Mark Twain.
I need help understanding Newton’s laws.,Absolutely! Newton’s First Law states that an object in motion stays in motion unless acted upon by an external force.
Can you test me on world history?,Sure! Who was the first President of the United States?
I just completed my daily workout!,Great job! Keep the momentum going. What's your next fitness goal?
How do I build a morning routine?,"Start with a few key habits: Wake up at the same time, hydrate, exercise, and plan your day."
Remind me to study at 6 PM.,Got it! I’ll remind you to study at 6 PM every day.
How do I stay motivated for the long term?,"Focus on your 'why.' Keep a journal tracking your progress, and celebrate small wins."
I'm struggling to focus on my studies.,"I understand! Let's try the Pomodoro technique: 25 minutes of focus, then a 5-minute break."
Can you help me set a study schedule?,Of course! What subjects are you focusing on? I can create a weekly plan for you.
I keep procrastinating. Any advice?,Try setting smaller goals. Just start with 5 minutes of work. Momentum will follow!
Give me a motivational quote.,Sure! 'The secret of getting ahead is getting started.' – Mark Twain.
I need help understanding Newton’s laws.,Absolutely! Newton’s First Law states that an object in motion stays in motion unless acted upon by an external force.
Can you test me on world history?,Sure! Who was the first President of the United States?
I just completed my daily workout!,Great job! Keep the momentum going. What's your next fitness goal?
How do I build a morning routine?,"Start with a few key habits: Wake up at the same time, hydrate, exercise, and plan your day."
Remind me to study at 6 PM.,Got it! I’ll remind you to study at 6 PM every day.
How do I stay motivated for the long term?,"Focus on your 'why.' Keep a journal tracking your progress, and celebrate small wins."
I'm struggling to focus on my studies.,"I understand! Let's try the Pomodoro technique: 25 minutes of focus, then a 5-minute break."
Can you help me set a study schedule?,Of course! What subjects are you focusing on? I can create a weekly plan for you.
I keep procrastinating. Any advice?,Try setting smaller goals. Just start with 5 minutes of work. Momentum will follow!
Give me a motivational quote.,Sure! 'The secret of getting ahead is getting started.' – Mark Twain.
I need help understanding Newton’s laws.,Absolutely! Newton’s First Law states that an object in motion stays in motion unless acted upon by an external force.
Can you test me on world history?,Sure! Who was the first President of the United States?
I just completed my daily workout!,Great job! Keep the momentum going. What's your next fitness goal?
How do I build a morning routine?,"Start with a few key habits: Wake up at the same time, hydrate, exercise, and plan your day."
Remind me to study at 6 PM.,Got it! I’ll remind you to study at 6 PM every day.
How do I stay motivated for the long term?,"Focus on your 'why.' Keep a journal tracking your progress, and celebrate small wins."
I'm struggling to focus on my studies.,"I understand! Let's try the Pomodoro technique: 25 minutes of focus, then a 5-minute break."
Can you help me set a study schedule?,Of course! What subjects are you focusing on? I can create a weekly plan for you.
I keep procrastinating. Any advice?,Try setting smaller goals. Just start with 5 minutes of work. Momentum will follow!
Give me a motivational quote.,Sure! 'The secret of getting ahead is getting started.' – Mark Twain.
I need help understanding Newton’s laws.,Absolutely! Newton’s First Law states that an object in motion stays in motion unless acted upon by an external force.
Can you test me on world history?,Sure! Who was the first President of the United States?
I just completed my daily workout!,Great job! Keep the momentum going. What's your next fitness goal?
How do I build a morning routine?,"Start with a few key habits: Wake up at the same time, hydrate, exercise, and plan your day."
Remind me to study at 6 PM.,Got it! I’ll remind you to study at 6 PM every day.
How do I stay motivated for the long term?,"Focus on your 'why.' Keep a journal tracking your progress, and celebrate small wins."
I'm struggling to focus on my studies.,"I understand! Let's try the Pomodoro technique: 25 minutes of focus, then a 5-minute break."
Can you help me set a study schedule?,Of course! What subjects are you focusing on? I can create a weekly plan for you.
I keep procrastinating. Any advice?,Try setting smaller goals. Just start with 5 minutes of work. Momentum will follow!
Give me a motivational quote.,Sure! 'The secret of getting ahead is getting started.' – Mark Twain.
I need help understanding Newton’s laws.,Absolutely! Newton’s First Law states that an object in motion stays in motion unless acted upon by an external force.
Can you test me on world history?,Sure! Who was the first President of the United States?
I just completed my daily workout!,Great job! Keep the momentum going. What's your next fitness goal?
How do I build a morning routine?,"Start with a few key habits: Wake up at the same time, hydrate, exercise, and plan your day."
Remind me to study at 6 PM.,Got it! I’ll remind you to study at 6 PM every day.
How do I stay motivated for the long term?,"Focus on your 'why.' Keep a journal tracking your progress, and celebrate small wins."
I'm struggling to focus on my studies.,"I understand! Let's try the Pomodoro technique: 25 minutes of focus, then a 5-minute break."
Can you help me set a study schedule?,Of course! What subjects are you focusing on? I can create a weekly plan for you.
I keep procrastinating. Any advice?,Try setting smaller goals. Just start with 5 minutes of work. Momentum will follow!
Give me a motivational quote.,Sure! 'The secret of getting ahead is getting started.' – Mark Twain.
I need help understanding Newton’s laws.,Absolutely! Newton’s First Law states that an object in motion stays in motion unless acted upon by an external force.
Can you test me on world history?,Sure! Who was the first President of the United States?
I just completed my daily workout!,Great job! Keep the momentum going. What's your next fitness goal?
How do I build a morning routine?,"Start with a few key habits: Wake up at the same time, hydrate, exercise, and plan your day."
Remind me to study at 6 PM.,Got it! I’ll remind you to study at 6 PM every day.
How do I stay motivated for the long term?,"Focus on your 'why.' Keep a journal tracking your progress, and celebrate small wins."
I'm struggling to focus on my studies.,"I understand! Let's try the Pomodoro technique: 25 minutes of focus, then a 5-minute break."
Can you help me set a study schedule?,Of course! What subjects are you focusing on? I can create a weekly plan for you.
I keep procrastinating. Any advice?,Try setting smaller goals. Just start with 5 minutes of work. Momentum will follow!
Give me a motivational quote.,Sure! 'The secret of getting ahead is getting started.' – Mark Twain.
I need help understanding Newton’s laws.,Absolutely! Newton’s First Law states that an object in motion stays in motion unless acted upon by an external force.
Can you test me on world history?,Sure! Who was the first President of the United States?
I just completed my daily workout!,Great job! Keep the momentum going. What's your next fitness goal?
How do I build a morning routine?,"Start with a few key habits: Wake up at the same time, hydrate, exercise, and plan your day."
Remind me to study at 6 PM.,Got it! I’ll remind you to study at 6 PM every day.
How do I stay motivated for the long term?,"Focus on your 'why.' Keep a journal tracking your progress, and celebrate small wins."
I'm struggling to focus on my studies.,"I understand! Let's try the Pomodoro technique: 25 minutes of focus, then a 5-minute break."
Can you help me set a study schedule?,Of course! What subjects are you focusing on? I can create a weekly plan for you.
I keep procrastinating. Any advice?,Try setting smaller goals. Just start with 5 minutes of work. Momentum will follow!
Give me a motivational quote.,Sure! 'The secret of getting ahead is getting started.' – Mark Twain.
I need help understanding Newton’s laws.,Absolutely! Newton’s First Law states that an object in motion stays in motion unless acted upon by an external force.
Can you test me on world history?,Sure! Who was the first President of the United States?
I just completed my daily workout!,Great job! Keep the momentum going. What's your next fitness goal?
How do I build a morning routine?,"Start with a few key habits: Wake up at the same time, hydrate, exercise, and plan your day."
Remind me to study at 6 PM.,Got it! I’ll remind you to study at 6 PM every day.
How do I stay motivated for the long term?,"Focus on your 'why.' Keep a journal tracking your progress, and celebrate small wins."
I'm struggling to focus on my studies.,"I understand! Let's try the Pomodoro technique: 25 minutes of focus, then a 5-minute break."
Can you help me set a study schedule?,Of course! What subjects are you focusing on? I can create a weekly plan for you.
I keep procrastinating. Any advice?,Try setting smaller goals. Just start with 5 minutes of work. Momentum will follow!
Give me a motivational quote.,Sure! 'The secret of getting ahead is getting started.' – Mark Twain.
I need help understanding Newton’s laws.,Absolutely! Newton’s First Law states that an object in motion stays in motion unless acted upon by an external force.
Can you test me on world history?,Sure! Who was the first President of the United States?
I just completed my daily workout!,Great job! Keep the momentum going. What's your next fitness goal?
How do I build a morning routine?,"Start with a few key habits: Wake up at the same time, hydrate, exercise, and plan your day."
Remind me to study at 6 PM.,Got it! I’ll remind you to study at 6 PM every day.
How do I stay motivated for the long term?,"Focus on your 'why.' Keep a journal tracking your progress, and celebrate small wins."
I'm struggling to focus on my studies.,"I understand! Let's try the Pomodoro technique: 25 minutes of focus, then a 5-minute break."
Can you help me set a study schedule?,Of course! What subjects are you focusing on? I can create a weekly plan for you.
I keep procrastinating. Any advice?,Try setting smaller goals. Just start with 5 minutes of work. Momentum will follow!
Give me a motivational quote.,Sure! 'The secret of getting ahead is getting started.' – Mark Twain.
I need help understanding Newton’s laws.,Absolutely! Newton’s First Law states that an object in motion stays in motion unless acted upon by an external force.
Can you test me on world history?,Sure! Who was the first President of the United States?
I just completed my daily workout!,Great job! Keep the momentum going. What's your next fitness goal?
How do I build a morning routine?,"Start with a few key habits: Wake up at the same time, hydrate, exercise, and plan your day."
Remind me to study at 6 PM.,Got it! I’ll remind you to study at 6 PM every day.
How do I stay motivated for the long term?,"Focus on your 'why.' Keep a journal tracking your progress, and celebrate small wins."
I'm struggling to focus on my studies.,"I understand! Let's try the Pomodoro technique: 25 minutes of focus, then a 5-minute break."
Can you help me set a study schedule?,Of course! What subjects are you focusing on? I can create a weekly plan for you.
I keep procrastinating. Any advice?,Try setting smaller goals. Just start with 5 minutes of work. Momentum will follow!
Give me a motivational quote.,Sure! 'The secret of getting ahead is getting started.' – Mark Twain.
I need help understanding Newton’s laws.,Absolutely! Newton’s First Law states that an object in motion stays in motion unless acted upon by an external force.
Can you test me on world history?,Sure! Who was the first President of the United States?
I just completed my daily workout!,Great job! Keep the momentum going. What's your next fitness goal?
How do I build a morning routine?,"Start with a few key habits: Wake up at the same time, hydrate, exercise, and plan your day."
Remind me to study at 6 PM.,Got it! I’ll remind you to study at 6 PM every day.
How do I stay motivated for the long term?,"Focus on your 'why.' Keep a journal tracking your progress, and celebrate small wins."
I'm struggling to focus on my studies.,"I understand! Let's try the Pomodoro technique: 25 minutes of focus, then a 5-minute break."
Can you help me set a study schedule?,Of course! What subjects are you focusing on? I can create a weekly plan for you.
I keep procrastinating. Any advice?,Try setting smaller goals. Just start with 5 minutes of work. Momentum will follow!
Give me a motivational quote.,Sure! 'The secret of getting ahead is getting started.' – Mark Twain.
I need help understanding Newton’s laws.,Absolutely! Newton’s First Law states that an object in motion stays in motion unless acted upon by an external force.
Can you test me on world history?,Sure! Who was the first President of the United States?
I just completed my daily workout!,Great job! Keep the momentum going. What's your next fitness goal?
How do I build a morning routine?,"Start with a few key habits: Wake up at the same time, hydrate, exercise, and plan your day."
Remind me to study at 6 PM.,Got it! I’ll remind you to study at 6 PM every day.
How do I stay motivated for the long term?,"Focus on your 'why.' Keep a journal tracking your progress, and celebrate small wins."
I'm struggling to focus on my studies.,"I understand! Let's try the Pomodoro technique: 25 minutes of focus, then a 5-minute break."
Can you help me set a study schedule?,Of course! What subjects are you focusing on? I can create a weekly plan for you.
I keep procrastinating. Any advice?,Try setting smaller goals. Just start with 5 minutes of work. Momentum will follow!
Give me a motivational quote.,Sure! 'The secret of getting ahead is getting started.' – Mark Twain.
I need help understanding Newton’s laws.,Absolutely! Newton’s First Law states that an object in motion stays in motion unless acted upon by an external force.
Can you test me on world history?,Sure! Who was the first President of the United States?
I just completed my daily workout!,Great job! Keep the momentum going. What's your next fitness goal?
How do I build a morning routine?,"Start with a few key habits: Wake up at the same time, hydrate, exercise, and plan your day."
Remind me to study at 6 PM.,Got it! I’ll remind you to study at 6 PM every day.
How do I stay motivated for the long term?,"Focus on your 'why.' Keep a journal tracking your progress, and celebrate small wins."
I'm struggling to focus on my studies.,"I understand! Let's try the Pomodoro technique: 25 minutes of focus, then a 5-minute break."
Can you help me set a study schedule?,Of course! What subjects are you focusing on? I can create a weekly plan for you.
I keep procrastinating. Any advice?,Try setting smaller goals. Just start with 5 minutes of work. Momentum will follow!
Give me a motivational quote.,Sure! 'The secret of getting ahead is getting started.' – Mark Twain.
I need help understanding Newton’s laws.,Absolutely! Newton’s First Law states that an object in motion stays in motion unless acted upon by an external force.
Can you test me on world history?,Sure! Who was the first President of the United States?
I just completed my daily workout!,Great job! Keep the momentum going. What's your next fitness goal?
How do I build a morning routine?,"Start with a few key habits: Wake up at the same time, hydrate, exercise, and plan your day."
Remind me to study at 6 PM.,Got it! I’ll remind you to study at 6 PM every day.
How do I stay motivated for the long term?,"Focus on your 'why.' Keep a journal tracking your progress, and celebrate small wins."
I'm struggling to focus on my studies.,"I understand! Let's try the Pomodoro technique: 25 minutes of focus, then a 5-minute break."
Can you help me set a study schedule?,Of course! What subjects are you focusing on? I can create a weekly plan for you.
I keep procrastinating. Any advice?,Try setting smaller goals. Just start with 5 minutes of work. Momentum will follow!
Give me a motivational quote.,Sure! 'The secret of getting ahead is getting started.' – Mark Twain.
I need help understanding Newton’s laws.,Absolutely! Newton’s First Law states that an object in motion stays in motion unless acted upon by an external force.
Can you test me on world history?,Sure! Who was the first President of the United States?
I just completed my daily workout!,Great job! Keep the momentum going. What's your next fitness goal?
How do I build a morning routine?,"Start with a few key habits: Wake up at the same time, hydrate, exercise, and plan your day."
Remind me to study at 6 PM.,Got it! I’ll remind you to study at 6 PM every day.
How do I stay motivated for the long term?,"Focus on your 'why.' Keep a journal tracking your progress, and celebrate small wins."
I'm struggling to focus on my studies.,"I understand! Let's try the Pomodoro technique: 25 minutes of focus, then a 5-minute break."
Can you help me set a study schedule?,Of course! What subjects are you focusing on? I can create a weekly plan for you.
I keep procrastinating. Any advice?,Try setting smaller goals. Just start with 5 minutes of work. Momentum will follow!
Give me a motivational quote.,Sure! 'The secret of getting ahead is getting started.' – Mark Twain.
I need help understanding Newton’s laws.,Absolutely! Newton’s First Law states that an object in motion stays in motion unless acted upon by an external force.
Can you test me on world history?,Sure! Who was the first President of the United States?
I just completed my daily workout!,Great job! Keep the momentum going. What's your next fitness goal?
How do I build a morning routine?,"Start with a few key habits: Wake up at the same time, hydrate, exercise, and plan your day."
Remind me to study at 6 PM.,Got it! I’ll remind you to study at 6 PM every day.
How do I stay motivated for the long term?,"Focus on your 'why.' Keep a journal tracking your progress, and celebrate small wins."
I'm struggling to focus on my studies.,"I understand! Let's try the Pomodoro technique: 25 minutes of focus, then a 5-minute break."
Can you help me set a study schedule?,Of course! What subjects are you focusing on? I can create a weekly plan for you.
I keep procrastinating. Any advice?,Try setting smaller goals. Just start with 5 minutes of work. Momentum will follow!
Give me a motivational quote.,Sure! 'The secret of getting ahead is getting started.' – Mark Twain.
I need help understanding Newton’s laws.,Absolutely! Newton’s First Law states that an object in motion stays in motion unless acted upon by an external force.
Can you test me on world history?,Sure! Who was the first President of the United States?
I just completed my daily workout!,Great job! Keep the momentum going. What's your next fitness goal?
How do I build a morning routine?,"Start with a few key habits: Wake up at the same time, hydrate, exercise, and plan your day."
Remind me to study at 6 PM.,Got it! I’ll remind you to study at 6 PM every day.
How do I stay motivated for the long term?,"Focus on your 'why.' Keep a journal tracking your progress, and celebrate small wins."
I'm struggling to focus on my studies.,"I understand! Let's try the Pomodoro technique: 25 minutes of focus, then a 5-minute break."
Can you help me set a study schedule?,Of course! What subjects are you focusing on? I can create a weekly plan for you.
I keep procrastinating. Any advice?,Try setting smaller goals. Just start with 5 minutes of work. Momentum will follow!
Give me a motivational quote.,Sure! 'The secret of getting ahead is getting started.' – Mark Twain.
I need help understanding Newton’s laws.,Absolutely! Newton’s First Law states that an object in motion stays in motion unless acted upon by an external force.
Can you test me on world history?,Sure! Who was the first President of the United States?
I just completed my daily workout!,Great job! Keep the momentum going. What's your next fitness goal?
How do I build a morning routine?,"Start with a few key habits: Wake up at the same time, hydrate, exercise, and plan your day."
Remind me to study at 6 PM.,Got it! I’ll remind you to study at 6 PM every day.
How do I stay motivated for the long term?,"Focus on your 'why.' Keep a journal tracking your progress, and celebrate small wins."
I'm struggling to focus on my studies.,"I understand! Let's try the Pomodoro technique: 25 minutes of focus, then a 5-minute break."
Can you help me set a study schedule?,Of course! What subjects are you focusing on? I can create a weekly plan for you.
I keep procrastinating. Any advice?,Try setting smaller goals. Just start with 5 minutes of work. Momentum will follow!
Give me a motivational quote.,Sure! 'The secret of getting ahead is getting started.' – Mark Twain.
I need help understanding Newton’s laws.,Absolutely! Newton’s First Law states that an object in motion stays in motion unless acted upon by an external force.
Can you test me on world history?,Sure! Who was the first President of the United States?
I just completed my daily workout!,Great job! Keep the momentum going. What's your next fitness goal?
How do I build a morning routine?,"Start with a few key habits: Wake up at the same time, hydrate, exercise, and plan your day."
Remind me to study at 6 PM.,Got it! I’ll remind you to study at 6 PM every day.
How do I stay motivated for the long term?,"Focus on your 'why.' Keep a journal tracking your progress, and celebrate small wins."
I'm struggling to focus on my studies.,"I understand! Let's try the Pomodoro technique: 25 minutes of focus, then a 5-minute break."
Can you help me set a study schedule?,Of course! What subjects are you focusing on? I can create a weekly plan for you.
I keep procrastinating. Any advice?,Try setting smaller goals. Just start with 5 minutes of work. Momentum will follow!
Give me a motivational quote.,Sure! 'The secret of getting ahead is getting started.' – Mark Twain.
I need help understanding Newton’s laws.,Absolutely! Newton’s First Law states that an object in motion stays in motion unless acted upon by an external force.
Can you test me on world history?,Sure! Who was the first President of the United States?
I just completed my daily workout!,Great job! Keep the momentum going. What's your next fitness goal?
How do I build a morning routine?,"Start with a few key habits: Wake up at the same time, hydrate, exercise, and plan your day."
Remind me to study at 6 PM.,Got it! I’ll remind you to study at 6 PM every day.
How do I stay motivated for the long term?,"Focus on your 'why.' Keep a journal tracking your progress, and celebrate small wins."
I'm struggling to focus on my studies.,"I understand! Let's try the Pomodoro technique: 25 minutes of focus, then a 5-minute break."
Can you help me set a study schedule?,Of course! What subjects are you focusing on? I can create a weekly plan for you.
I keep procrastinating. Any advice?,Try setting smaller goals. Just start with 5 minutes of work. Momentum will follow!
Give me a motivational quote.,Sure! 'The secret of getting ahead is getting started.' – Mark Twain.
I need help understanding Newton’s laws.,Absolutely! Newton’s First Law states that an object in motion stays in motion unless acted upon by an external force.
Can you test me on world history?,Sure! Who was the first President of the United States?
I just completed my daily workout!,Great job! Keep the momentum going. What's your next fitness goal?
How do I build a morning routine?,"Start with a few key habits: Wake up at the same time, hydrate, exercise, and plan your day."
Remind me to study at 6 PM.,Got it! I’ll remind you to study at 6 PM every day.
How do I stay motivated for the long term?,"Focus on your 'why.' Keep a journal tracking your progress, and celebrate small wins."
I'm struggling to focus on my studies.,"I understand! Let's try the Pomodoro technique: 25 minutes of focus, then a 5-minute break."
Can you help me set a study schedule?,Of course! What subjects are you focusing on? I can create a weekly plan for you.
I keep procrastinating. Any advice?,Try setting smaller goals. Just start with 5 minutes of work. Momentum will follow!
Give me a motivational quote.,Sure! 'The secret of getting ahead is getting started.' – Mark Twain.
I need help understanding Newton’s laws.,Absolutely! Newton’s First Law states that an object in motion stays in motion unless acted upon by an external force.
Can you test me on world history?,Sure! Who was the first President of the United States?
I just completed my daily workout!,Great job! Keep the momentum going. What's your next fitness goal?
How do I build a morning routine?,"Start with a few key habits: Wake up at the same time, hydrate, exercise, and plan your day."
Remind me to study at 6 PM.,Got it! I’ll remind you to study at 6 PM every day.
How do I stay motivated for the long term?,"Focus on your 'why.' Keep a journal tracking your progress, and celebrate small wins."
I'm struggling to focus on my studies.,"I understand! Let's try the Pomodoro technique: 25 minutes of focus, then a 5-minute break."
Can you help me set a study schedule?,Of course! What subjects are you focusing on? I can create a weekly plan for you.
I keep procrastinating. Any advice?,Try setting smaller goals. Just start with 5 minutes of work. Momentum will follow!
Give me a motivational quote.,Sure! 'The secret of getting ahead is getting started.' – Mark Twain.
I need help understanding Newton’s laws.,Absolutely! Newton’s First Law states that an object in motion stays in motion unless acted upon by an external force.
Can you test me on world history?,Sure! Who was the first President of the United States?
I just completed my daily workout!,Great job! Keep the momentum going. What's your next fitness goal?
How do I build a morning routine?,"Start with a few key habits: Wake up at the same time, hydrate, exercise, and plan your day."
Remind me to study at 6 PM.,Got it! I’ll remind you to study at 6 PM every day.
How do I stay motivated for the long term?,"Focus on your 'why.' Keep a journal tracking your progress, and celebrate small wins."
I'm struggling to focus on my studies.,"I understand! Let's try the Pomodoro technique: 25 minutes of focus, then a 5-minute break."
Can you help me set a study schedule?,Of course! What subjects are you focusing on? I can create a weekly plan for you.
I keep procrastinating. Any advice?,Try setting smaller goals. Just start with 5 minutes of work. Momentum will follow!
Give me a motivational quote.,Sure! 'The secret of getting ahead is getting started.' – Mark Twain.
I need help understanding Newton’s laws.,Absolutely! Newton’s First Law states that an object in motion stays in motion unless acted upon by an external force.
Can you test me on world history?,Sure! Who was the first President of the United States?
I just completed my daily workout!,Great job! Keep the momentum going. What's your next fitness goal?
How do I build a morning routine?,"Start with a few key habits: Wake up at the same time, hydrate, exercise, and plan your day."
Remind me to study at 6 PM.,Got it! I’ll remind you to study at 6 PM every day.
How do I stay motivated for the long term?,"Focus on your 'why.' Keep a journal tracking your progress, and celebrate small wins."
I'm struggling to focus on my studies.,"I understand! Let's try the Pomodoro technique: 25 minutes of focus, then a 5-minute break."
Can you help me set a study schedule?,Of course! What subjects are you focusing on? I can create a weekly plan for you.
I keep procrastinating. Any advice?,Try setting smaller goals. Just start with 5 minutes of work. Momentum will follow!
Give me a motivational quote.,Sure! 'The secret of getting ahead is getting started.' – Mark Twain.
I need help understanding Newton’s laws.,Absolutely! Newton’s First Law states that an object in motion stays in motion unless acted upon by an external force.
Can you test me on world history?,Sure! Who was the first President of the United States?
I just completed my daily workout!,Great job! Keep the momentum going. What's your next fitness goal?
How do I build a morning routine?,"Start with a few key habits: Wake up at the same time, hydrate, exercise, and plan your day."
Remind me to study at 6 PM.,Got it! I’ll remind you to study at 6 PM every day.
How do I stay motivated for the long term?,"Focus on your 'why.' Keep a journal tracking your progress, and celebrate small wins."
I'm struggling to focus on my studies.,"I understand! Let's try the Pomodoro technique: 25 minutes of focus, then a 5-minute break."
Can you help me set a study schedule?,Of course! What subjects are you focusing on? I can create a weekly plan for you.
I keep procrastinating. Any advice?,Try setting smaller goals. Just start with 5 minutes of work. Momentum will follow!
Give me a motivational quote.,Sure! 'The secret of getting ahead is getting started.' – Mark Twain.
I need help understanding Newton’s laws.,Absolutely! Newton’s First Law states that an object in motion stays in motion unless acted upon by an external force.
Can you test me on world history?,Sure! Who was the first President of the United States?
I just completed my daily workout!,Great job! Keep the momentum going. What's your next fitness goal?
How do I build a morning routine?,"Start with a few key habits: Wake up at the same time, hydrate, exercise, and plan your day."
Remind me to study at 6 PM.,Got it! I’ll remind you to study at 6 PM every day.
How do I stay motivated for the long term?,"Focus on your 'why.' Keep a journal tracking your progress, and celebrate small wins."
I'm struggling to focus on my studies.,"I understand! Let's try the Pomodoro technique: 25 minutes of focus, then a 5-minute break."
Can you help me set a study schedule?,Of course! What subjects are you focusing on? I can create a weekly plan for you.
I keep procrastinating. Any advice?,Try setting smaller goals. Just start with 5 minutes of work. Momentum will follow!
Give me a motivational quote.,Sure! 'The secret of getting ahead is getting started.' – Mark Twain.
I need help understanding Newton’s laws.,Absolutely! Newton’s First Law states that an object in motion stays in motion unless acted upon by an external force.
Can you test me on world history?,Sure! Who was the first President of the United States?
I just completed my daily workout!,Great job! Keep the momentum going. What's your next fitness goal?
How do I build a morning routine?,"Start with a few key habits: Wake up at the same time, hydrate, exercise, and plan your day."
Remind me to study at 6 PM.,Got it! I’ll remind you to study at 6 PM every day.
How do I stay motivated for the long term?,"Focus on your 'why.' Keep a journal tracking your progress, and celebrate small wins."
I'm struggling to focus on my studies.,"I understand! Let's try the Pomodoro technique: 25 minutes of focus, then a 5-minute break."
Can you help me set a study schedule?,Of course! What subjects are you focusing on? I can create a weekly plan for you.
I keep procrastinating. Any advice?,Try setting smaller goals. Just start with 5 minutes of work. Momentum will follow!
Give me a motivational quote.,Sure! 'The secret of getting ahead is getting started.' – Mark Twain.
I need help understanding Newton’s laws.,Absolutely! Newton’s First Law states that an object in motion stays in motion unless acted upon by an external force.
Can you test me on world history?,Sure! Who was the first President of the United States?
I just completed my daily workout!,Great job! Keep the momentum going. What's your next fitness goal?
How do I build a morning routine?,"Start with a few key habits: Wake up at the same time, hydrate, exercise, and plan your day."
Remind me to study at 6 PM.,Got it! I’ll remind you to study at 6 PM every day.
How do I stay motivated for the long term?,"Focus on your 'why.' Keep a journal tracking your progress, and celebrate small wins."
I'm struggling to focus on my studies.,"I understand! Let's try the Pomodoro technique: 25 minutes of focus, then a 5-minute break."
Can you help me set a study schedule?,Of course! What subjects are you focusing on? I can create a weekly plan for you.
I keep procrastinating. Any advice?,Try setting smaller goals. Just start with 5 minutes of work. Momentum will follow!
Give me a motivational quote.,Sure! 'The secret of getting ahead is getting started.' – Mark Twain.
I need help understanding Newton’s laws.,Absolutely! Newton’s First Law states that an object in motion stays in motion unless acted upon by an external force.
Can you test me on world history?,Sure! Who was the first President of the United States?
I just completed my daily workout!,Great job! Keep the momentum going. What's your next fitness goal?
How do I build a morning routine?,"Start with a few key habits: Wake up at the same time, hydrate, exercise, and plan your day."
Remind me to study at 6 PM.,Got it! I’ll remind you to study at 6 PM every day.
How do I stay motivated for the long term?,"Focus on your 'why.' Keep a journal tracking your progress, and celebrate small wins."
I'm struggling to focus on my studies.,"I understand! Let's try the Pomodoro technique: 25 minutes of focus, then a 5-minute break."
Can you help me set a study schedule?,Of course! What subjects are you focusing on? I can create a weekly plan for you.
I keep procrastinating. Any advice?,Try setting smaller goals. Just start with 5 minutes of work. Momentum will follow!
Give me a motivational quote.,Sure! 'The secret of getting ahead is getting started.' – Mark Twain.
I need help understanding Newton’s laws.,Absolutely! Newton’s First Law states that an object in motion stays in motion unless acted upon by an external force.
Can you test me on world history?,Sure! Who was the first President of the United States?
I just completed my daily workout!,Great job! Keep the momentum going. What's your next fitness goal?
How do I build a morning routine?,"Start with a few key habits: Wake up at the same time, hydrate, exercise, and plan your day."
Remind me to study at 6 PM.,Got it! I’ll remind you to study at 6 PM every day.
How do I stay motivated for the long term?,"Focus on your 'why.' Keep a journal tracking your progress, and celebrate small wins."
I'm struggling to focus on my studies.,"I understand! Let's try the Pomodoro technique: 25 minutes of focus, then a 5-minute break."
Can you help me set a study schedule?,Of course! What subjects are you focusing on? I can create a weekly plan for you.
I keep procrastinating. Any advice?,Try setting smaller goals. Just start with 5 minutes of work. Momentum will follow!
Give me a motivational quote.,Sure! 'The secret of getting ahead is getting started.' – Mark Twain.
I need help understanding Newton’s laws.,Absolutely! Newton’s First Law states that an object in motion stays in motion unless acted upon by an external force.
Can you test me on world history?,Sure! Who was the first President of the United States?
I just completed my daily workout!,Great job! Keep the momentum going. What's your next fitness goal?
How do I build a morning routine?,"Start with a few key habits: Wake up at the same time, hydrate, exercise, and plan your day."
Remind me to study at 6 PM.,Got it! I’ll remind you to study at 6 PM every day.
How do I stay motivated for the long term?,"Focus on your 'why.' Keep a journal tracking your progress, and celebrate small wins."
I'm struggling to focus on my studies.,"I understand! Let's try the Pomodoro technique: 25 minutes of focus, then a 5-minute break."
Can you help me set a study schedule?,Of course! What subjects are you focusing on? I can create a weekly plan for you.
I keep procrastinating. Any advice?,Try setting smaller goals. Just start with 5 minutes of work. Momentum will follow!
Give me a motivational quote.,Sure! 'The secret of getting ahead is getting started.' – Mark Twain.
I need help understanding Newton’s laws.,Absolutely! Newton’s First Law states that an object in motion stays in motion unless acted upon by an external force.
Can you test me on world history?,Sure! Who was the first President of the United States?
I just completed my daily workout!,Great job! Keep the momentum going. What's your next fitness goal?
How do I build a morning routine?,"Start with a few key habits: Wake up at the same time, hydrate, exercise, and plan your day."
Remind me to study at 6 PM.,Got it! I’ll remind you to study at 6 PM every day.
How do I stay motivated for the long term?,"Focus on your 'why.' Keep a journal tracking your progress, and celebrate small wins."
I'm struggling to focus on my studies.,"I understand! Let's try the Pomodoro technique: 25 minutes of focus, then a 5-minute break."
Can you help me set a study schedule?,Of course! What subjects are you focusing on? I can create a weekly plan for you.
I keep procrastinating. Any advice?,Try setting smaller goals. Just start with 5 minutes of work. Momentum will follow!
Give me a motivational quote.,Sure! 'The secret of getting ahead is getting started.' – Mark Twain.
I need help understanding Newton’s laws.,Absolutely! Newton’s First Law states that an object in motion stays in motion unless acted upon by an external force.
Can you test me on world history?,Sure! Who was the first President of the United States?
I just completed my daily workout!,Great job! Keep the momentum going. What's your next fitness goal?
How do I build a morning routine?,"Start with a few key habits: Wake up at the same time, hydrate, exercise, and plan your day."
Remind me to study at 6 PM.,Got it! I’ll remind you to study at 6 PM every day.
How do I stay motivated for the long term?,"Focus on your 'why.' Keep a journal tracking your progress, and celebrate small wins."
I'm struggling to focus on my studies.,"I understand! Let's try the Pomodoro technique: 25 minutes of focus, then a 5-minute break."
Can you help me set a study schedule?,Of course! What subjects are you focusing on? I can create a weekly plan for you.
I keep procrastinating. Any advice?,Try setting smaller goals. Just start with 5 minutes of work. Momentum will follow!
Give me a motivational quote.,Sure! 'The secret of getting ahead is getting started.' – Mark Twain.
I need help understanding Newton’s laws.,Absolutely! Newton’s First Law states that an object in motion stays in motion unless acted upon by an external force.
Can you test me on world history?,Sure! Who was the first President of the United States?
I just completed my daily workout!,Great job! Keep the momentum going. What's your next fitness goal?
How do I build a morning routine?,"Start with a few key habits: Wake up at the same time, hydrate, exercise, and plan your day."
Remind me to study at 6 PM.,Got it! I’ll remind you to study at 6 PM every day.
How do I stay motivated for the long term?,"Focus on your 'why.' Keep a journal tracking your progress, and celebrate small wins."
I'm struggling to focus on my studies.,"I understand! Let's try the Pomodoro technique: 25 minutes of focus, then a 5-minute break."
Can you help me set a study schedule?,Of course! What subjects are you focusing on? I can create a weekly plan for you.
I keep procrastinating. Any advice?,Try setting smaller goals. Just start with 5 minutes of work. Momentum will follow!
Give me a motivational quote.,Sure! 'The secret of getting ahead is getting started.' – Mark Twain.
I need help understanding Newton’s laws.,Absolutely! Newton’s First Law states that an object in motion stays in motion unless acted upon by an external force.
Can you test me on world history?,Sure! Who was the first President of the United States?
I just completed my daily workout!,Great job! Keep the momentum going. What's your next fitness goal?
How do I build a morning routine?,"Start with a few key habits: Wake up at the same time, hydrate, exercise, and plan your day."
Remind me to study at 6 PM.,Got it! I’ll remind you to study at 6 PM every day.
How do I stay motivated for the long term?,"Focus on your 'why.' Keep a journal tracking your progress, and celebrate small wins."
I'm struggling to focus on my studies.,"I understand! Let's try the Pomodoro technique: 25 minutes of focus, then a 5-minute break."
Can you help me set a study schedule?,Of course! What subjects are you focusing on? I can create a weekly plan for you.
I keep procrastinating. Any advice?,Try setting smaller goals. Just start with 5 minutes of work. Momentum will follow!
Give me a motivational quote.,Sure! 'The secret of getting ahead is getting started.' – Mark Twain.
I need help understanding Newton’s laws.,Absolutely! Newton’s First Law states that an object in motion stays in motion unless acted upon by an external force.
Can you test me on world history?,Sure! Who was the first President of the United States?
I just completed my daily workout!,Great job! Keep the momentum going. What's your next fitness goal?
How do I build a morning routine?,"Start with a few key habits: Wake up at the same time, hydrate, exercise, and plan your day."
Remind me to study at 6 PM.,Got it! I’ll remind you to study at 6 PM every day.
How do I stay motivated for the long term?,"Focus on your 'why.' Keep a journal tracking your progress, and celebrate small wins."
I'm struggling to focus on my studies.,"I understand! Let's try the Pomodoro technique: 25 minutes of focus, then a 5-minute break."
Can you help me set a study schedule?,Of course! What subjects are you focusing on? I can create a weekly plan for you.
I keep procrastinating. Any advice?,Try setting smaller goals. Just start with 5 minutes of work. Momentum will follow!
Give me a motivational quote.,Sure! 'The secret of getting ahead is getting started.' – Mark Twain.
I need help understanding Newton’s laws.,Absolutely! Newton’s First Law states that an object in motion stays in motion unless acted upon by an external force.
Can you test me on world history?,Sure! Who was the first President of the United States?
I just completed my daily workout!,Great job! Keep the momentum going. What's your next fitness goal?
How do I build a morning routine?,"Start with a few key habits: Wake up at the same time, hydrate, exercise, and plan your day."
Remind me to study at 6 PM.,Got it! I’ll remind you to study at 6 PM every day.
How do I stay motivated for the long term?,"Focus on your 'why.' Keep a journal tracking your progress, and celebrate small wins."
I'm struggling to focus on my studies.,"I understand! Let's try the Pomodoro technique: 25 minutes of focus, then a 5-minute break."
Can you help me set a study schedule?,Of course! What subjects are you focusing on? I can create a weekly plan for you.
I keep procrastinating. Any advice?,Try setting smaller goals. Just start with 5 minutes of work. Momentum will follow!
Give me a motivational quote.,Sure! 'The secret of getting ahead is getting started.' – Mark Twain.
I need help understanding Newton’s laws.,Absolutely! Newton’s First Law states that an object in motion stays in motion unless acted upon by an external force.
Can you test me on world history?,Sure! Who was the first President of the United States?
I just completed my daily workout!,Great job! Keep the momentum going. What's your next fitness goal?
How do I build a morning routine?,"Start with a few key habits: Wake up at the same time, hydrate, exercise, and plan your day."
Remind me to study at 6 PM.,Got it! I’ll remind you to study at 6 PM every day.
How do I stay motivated for the long term?,"Focus on your 'why.' Keep a journal tracking your progress, and celebrate small wins."
I'm struggling to focus on my studies.,"I understand! Let's try the Pomodoro technique: 25 minutes of focus, then a 5-minute break."
Can you help me set a study schedule?,Of course! What subjects are you focusing on? I can create a weekly plan for you.
I keep procrastinating. Any advice?,Try setting smaller goals. Just start with 5 minutes of work. Momentum will follow!
Give me a motivational quote.,Sure! 'The secret of getting ahead is getting started.' – Mark Twain.
I need help understanding Newton’s laws.,Absolutely! Newton’s First Law states that an object in motion stays in motion unless acted upon by an external force.
Can you test me on world history?,Sure! Who was the first President of the United States?
I just completed my daily workout!,Great job! Keep the momentum going. What's your next fitness goal?
How do I build a morning routine?,"Start with a few key habits: Wake up at the same time, hydrate, exercise, and plan your day."
Remind me to study at 6 PM.,Got it! I’ll remind you to study at 6 PM every day.
How do I stay motivated for the long term?,"Focus on your 'why.' Keep a journal tracking your progress, and celebrate small wins."
I'm struggling to focus on my studies.,"I understand! Let's try the Pomodoro technique: 25 minutes of focus, then a 5-minute break."
Can you help me set a study schedule?,Of course! What subjects are you focusing on? I can create a weekly plan for you.
I keep procrastinating. Any advice?,Try setting smaller goals. Just start with 5 minutes of work. Momentum will follow!
Give me a motivational quote.,Sure! 'The secret of getting ahead is getting started.' – Mark Twain.
I need help understanding Newton’s laws.,Absolutely! Newton’s First Law states that an object in motion stays in motion unless acted upon by an external force.
Can you test me on world history?,Sure! Who was the first President of the United States?
I just completed my daily workout!,Great job! Keep the momentum going. What's your next fitness goal?
How do I build a morning routine?,"Start with a few key habits: Wake up at the same time, hydrate, exercise, and plan your day."
Remind me to study at 6 PM.,Got it! I’ll remind you to study at 6 PM every day.
How do I stay motivated for the long term?,"Focus on your 'why.' Keep a journal tracking your progress, and celebrate small wins."
I'm struggling to focus on my studies.,"I understand! Let's try the Pomodoro technique: 25 minutes of focus, then a 5-minute break."
Can you help me set a study schedule?,Of course! What subjects are you focusing on? I can create a weekly plan for you.
I keep procrastinating. Any advice?,Try setting smaller goals. Just start with 5 minutes of work. Momentum will follow!
Give me a motivational quote.,Sure! 'The secret of getting ahead is getting started.' – Mark Twain.
I need help understanding Newton’s laws.,Absolutely! Newton’s First Law states that an object in motion stays in motion unless acted upon by an external force.
Can you test me on world history?,Sure! Who was the first President of the United States?
I just completed my daily workout!,Great job! Keep the momentum going. What's your next fitness goal?
How do I build a morning routine?,"Start with a few key habits: Wake up at the same time, hydrate, exercise, and plan your day."
Remind me to study at 6 PM.,Got it! I’ll remind you to study at 6 PM every day.
How do I stay motivated for the long term?,"Focus on your 'why.' Keep a journal tracking your progress, and celebrate small wins."
I'm struggling to focus on my studies.,"I understand! Let's try the Pomodoro technique: 25 minutes of focus, then a 5-minute break."
Can you help me set a study schedule?,Of course! What subjects are you focusing on? I can create a weekly plan for you.
I keep procrastinating. Any advice?,Try setting smaller goals. Just start with 5 minutes of work. Momentum will follow!
Give me a motivational quote.,Sure! 'The secret of getting ahead is getting started.' – Mark Twain.
I need help understanding Newton’s laws.,Absolutely! Newton’s First Law states that an object in motion stays in motion unless acted upon by an external force.
Can you test me on world history?,Sure! Who was the first President of the United States?
I just completed my daily workout!,Great job! Keep the momentum going. What's your next fitness goal?
How do I build a morning routine?,"Start with a few key habits: Wake up at the same time, hydrate, exercise, and plan your day."
Remind me to study at 6 PM.,Got it! I’ll remind you to study at 6 PM every day.
How do I stay motivated for the long term?,"Focus on your 'why.' Keep a journal tracking your progress, and celebrate small wins."
I'm struggling to focus on my studies.,"I understand! Let's try the Pomodoro technique: 25 minutes of focus, then a 5-minute break."
Can you help me set a study schedule?,Of course! What subjects are you focusing on? I can create a weekly plan for you.
I keep procrastinating. Any advice?,Try setting smaller goals. Just start with 5 minutes of work. Momentum will follow!
Give me a motivational quote.,Sure! 'The secret of getting ahead is getting started.' – Mark Twain.
I need help understanding Newton’s laws.,Absolutely! Newton’s First Law states that an object in motion stays in motion unless acted upon by an external force.
Can you test me on world history?,Sure! Who was the first President of the United States?
I just completed my daily workout!,Great job! Keep the momentum going. What's your next fitness goal?
How do I build a morning routine?,"Start with a few key habits: Wake up at the same time, hydrate, exercise, and plan your day."
Remind me to study at 6 PM.,Got it! I’ll remind you to study at 6 PM every day.
How do I stay motivated for the long term?,"Focus on your 'why.' Keep a journal tracking your progress, and celebrate small wins."
I'm struggling to focus on my studies.,"I understand! Let's try the Pomodoro technique: 25 minutes of focus, then a 5-minute break."
Can you help me set a study schedule?,Of course! What subjects are you focusing on? I can create a weekly plan for you.
I keep procrastinating. Any advice?,Try setting smaller goals. Just start with 5 minutes of work. Momentum will follow!
Give me a motivational quote.,Sure! 'The secret of getting ahead is getting started.' – Mark Twain.
I need help understanding Newton’s laws.,Absolutely! Newton’s First Law states that an object in motion stays in motion unless acted upon by an external force.
Can you test me on world history?,Sure! Who was the first President of the United States?
I just completed my daily workout!,Great job! Keep the momentum going. What's your next fitness goal?
How do I build a morning routine?,"Start with a few key habits: Wake up at the same time, hydrate, exercise, and plan your day."
Remind me to study at 6 PM.,Got it! I’ll remind you to study at 6 PM every day.
How do I stay motivated for the long term?,"Focus on your 'why.' Keep a journal tracking your progress, and celebrate small wins."
I'm struggling to focus on my studies.,"I understand! Let's try the Pomodoro technique: 25 minutes of focus, then a 5-minute break."
Can you help me set a study schedule?,Of course! What subjects are you focusing on? I can create a weekly plan for you.
I keep procrastinating. Any advice?,Try setting smaller goals. Just start with 5 minutes of work. Momentum will follow!
Give me a motivational quote.,Sure! 'The secret of getting ahead is getting started.' – Mark Twain.
I need help understanding Newton’s laws.,Absolutely! Newton’s First Law states that an object in motion stays in motion unless acted upon by an external force.
Can you test me on world history?,Sure! Who was the first President of the United States?
I just completed my daily workout!,Great job! Keep the momentum going. What's your next fitness goal?
How do I build a morning routine?,"Start with a few key habits: Wake up at the same time, hydrate, exercise, and plan your day."
Remind me to study at 6 PM.,Got it! I’ll remind you to study at 6 PM every day.
How do I stay motivated for the long term?,"Focus on your 'why.' Keep a journal tracking your progress, and celebrate small wins."
I'm struggling to focus on my studies.,"I understand! Let's try the Pomodoro technique: 25 minutes of focus, then a 5-minute break."
Can you help me set a study schedule?,Of course! What subjects are you focusing on? I can create a weekly plan for you.
I keep procrastinating. Any advice?,Try setting smaller goals. Just start with 5 minutes of work. Momentum will follow!
Give me a motivational quote.,Sure! 'The secret of getting ahead is getting started.' – Mark Twain.
I need help understanding Newton’s laws.,Absolutely! Newton’s First Law states that an object in motion stays in motion unless acted upon by an external force.
Can you test me on world history?,Sure! Who was the first President of the United States?
I just completed my daily workout!,Great job! Keep the momentum going. What's your next fitness goal?
How do I build a morning routine?,"Start with a few key habits: Wake up at the same time, hydrate, exercise, and plan your day."
Remind me to study at 6 PM.,Got it! I’ll remind you to study at 6 PM every day.
How do I stay motivated for the long term?,"Focus on your 'why.' Keep a journal tracking your progress, and celebrate small wins."
I'm struggling to focus on my studies.,"I understand! Let's try the Pomodoro technique: 25 minutes of focus, then a 5-minute break."
Can you help me set a study schedule?,Of course! What subjects are you focusing on? I can create a weekly plan for you.
I keep procrastinating. Any advice?,Try setting smaller goals. Just start with 5 minutes of work. Momentum will follow!
Give me a motivational quote.,Sure! 'The secret of getting ahead is getting started.' – Mark Twain.
I need help understanding Newton’s laws.,Absolutely! Newton’s First Law states that an object in motion stays in motion unless acted upon by an external force.
Can you test me on world history?,Sure! Who was the first President of the United States?
I just completed my daily workout!,Great job! Keep the momentum going. What's your next fitness goal?
How do I build a morning routine?,"Start with a few key habits: Wake up at the same time, hydrate, exercise, and plan your day."
Remind me to study at 6 PM.,Got it! I’ll remind you to study at 6 PM every day.
How do I stay motivated for the long term?,"Focus on your 'why.' Keep a journal tracking your progress, and celebrate small wins."
